{
  "pair": "ZEC/USD",
  "tf": "1h",
  "weights": {
    "clv": 0.318848161712649,
    "ofi": -0.13049944517437526,
    "ofi_momentum": 0.2124318272272073,
    "range_atr": 0.26499129615024697,
    "vol_z": -0.013821482903217127
  }
}