{
  "pair": "BTC/USD",
  "tf": "1h",
  "weights": {
    "clv": 0.4336709154388132,
    "ofi": 0.3921892329152002,
    "ofi_momentum": 0.6999334441123652,
    "range_atr": 0.14011779004982175,
    "vol_z": 0.027765946551740334
  }
}