{
  "pair": "ETH/USD",
  "tf": "1h",
  "weights": {
    "clv": 0.885160005069732,
    "ofi": 0.033012756648924696,
    "ofi_momentum": 0.47234017683308077,
    "range_atr": 0.13829108411249805,
    "vol_z": 0.04662801692544332
  }
}