{
  "pair": "SOL/USD",
  "tf": "1h",
  "weights": {
    "clv": 0.5518038174208938,
    "ofi": 0.23880490845616972,
    "ofi_momentum": 0.1073705595540559,
    "range_atr": 0.006972280008769896,
    "vol_z": 0.05383685452961901
  }
}